metric,value
Bus:avg_utilization,0.789314
Bus:direction_rev_count,0
Bus:efficiency,0.333111
Bus:transferred_bytes,96064
Bus:transferred_payloads,32000
Host-0:2:avg_evict_wait_ns,0
Host-0:2:avg_latency_ns,1031.78
Host-0:2:bw_gbps,1.98204
Host-0:avg_evict_wait_ns,0
Host-0:avg_latency_ns,1031.78
Host-0:bw_gbps,1.98204
Host-0:cache_evict_count,0
Host-0:cache_hit_count,0
Host-0:random_seed,42
Host-0:req_count,500
id,type,memid,addr,send,arrive,bus_queuing,bus_time,switch_queuing,switch_time,snoop_evict,host_inv,dram_queuing,dram_time,total_time
0,Non-temporal read,2,3788fc00,0,177,0,48,0,0,0,0,0,49,177
1,Non-temporal read,2,1439b000,0,209,32,48,0,0,0,0,0,49,209
2,Non-temporal read,2,8242e00,0,241,64,48,0,0,0,0,0,49,241
3,Non-temporal read,2,237be5c0,0,273,96,48,0,0,0,0,0,49,273
4,Non-temporal read,2,2c83b300,0,305,128,48,0,0,0,0,0,49,305
5,Non-temporal read,2,259992c0,0,337,160,48,0,0,0,0,0,49,337
6,Non-temporal read,2,3c971c80,0,369,192,48,0,0,0,0,0,49,369
7,Non-temporal read,2,1574bc00,0,401,224,48,0,0,0,0,0,49,401
8,Non-temporal read,2,2c2bc940,0,433,256,48,0,0,0,0,0,49,433
9,Non-temporal read,2,36a6ec00,0,465,288,48,0,0,0,0,0,49,465
10,Non-temporal read,2,12651f00,0,497,320,48,0,0,0,0,0,49,497
11,Non-temporal read,2,23273500,0,529,352,48,0,0,0,0,0,49,529
12,Non-temporal read,2,50e4500,0,561,384,48,0,0,0,0,0,49,561
14,Non-temporal read,2,4e41d00,0,593,416,48,0,0,0,0,0,49,593
13,Non-temporal read,2,727b540,0,625,426,48,0,0,0,0,0,71,625
15,Non-temporal read,2,2c115dc0,0,657,480,48,0,0,0,0,0,49,657
18,Non-temporal read,2,34f1e9c0,0,689,512,48,0,0,0,0,0,49,689
17,Non-temporal read,2,43ee600,0,721,522,48,0,0,0,0,0,71,721
16,Non-temporal read,2,3d7553c0,0,753,518,48,0,0,0,0,0,107,753
20,Non-temporal read,2,16d89d80,0,785,608,48,0,0,0,0,0,49,785
19,Non-temporal read,2,3927f500,0,817,618,48,0,0,0,0,0,71,817
21,Non-temporal read,2,1b3c80,0,849,649,48,0,0,0,0,0,72,849
23,Non-temporal read,2,32ec5340,0,881,704,48,0,0,0,0,0,49,881
22,Non-temporal read,2,2abdb580,0,913,714,48,0,0,0,0,0,71,913
26,Non-temporal read,2,1c547400,0,945,768,48,0,0,0,0,0,49,945
25,Non-temporal read,2,2dd89380,0,977,778,48,0,0,0,0,0,71,977
24,Non-temporal read,2,12284ec0,0,1009,773,48,0,0,0,0,0,108,1009
27,Non-temporal read,2,3840e240,0,1041,842,48,0,0,0,0,0,71,1041
29,Non-temporal read,2,20cebb00,0,1073,896,48,0,0,0,0,0,49,1073
28,Non-temporal read,2,3eae4440,0,1105,906,48,0,0,0,0,0,71,1105
30,Non-temporal read,2,2f378380,0,1137,960,48,0,0,0,0,0,49,1137
31,Non-temporal read,2,2d5d5580,0,1169,970,48,0,0,0,0,0,71,1169
36,Non-temporal read,2,18713c40,273,1201,737,48,0,0,0,0,14,63,928
32,Non-temporal read,2,3005e300,0,1233,974,48,0,0,0,0,56,131,1233
33,Non-temporal read,2,f3fe700,177,1265,840,48,0,0,0,0,44,120,1088
34,Non-temporal read,2,3d0986c0,209,1297,850,48,0,0,0,0,39,110,1088
37,Non-temporal read,2,1ce434c0,305,1329,820,48,0,0,0,0,5,76,1024
38,Non-temporal read,2,15d47e80,337,1361,825,48,0,0,0,0,0,71,1024
39,Non-temporal read,2,93bdd40,369,1393,825,48,0,0,0,0,0,71,1024
40,Non-temporal read,2,23f41980,401,1425,825,48,0,0,0,0,0,71,1024
42,Non-temporal read,2,3be8cac0,465,1457,815,48,0,0,0,0,0,49,992
41,Non-temporal read,2,38491800,433,1489,857,48,0,0,0,0,0,71,1056
35,Non-temporal read,2,1e598440,241,1521,977,48,0,0,0,0,26,175,1280
43,Non-temporal read,2,26ba1500,497,1553,876,48,0,0,0,0,1,52,1056
45,Non-temporal read,2,2f3b6440,561,1585,847,48,0,0,0,0,0,49,1024
44,Non-temporal read,2,27086200,529,1617,889,48,0,0,0,0,0,71,1088
46,Non-temporal read,2,1c45b480,593,1649,857,48,0,0,0,0,0,71,1056
47,Non-temporal read,2,3099fd00,625,1681,857,48,0,0,0,0,0,71,1056
48,Non-temporal read,2,1e66fc00,657,1713,857,48,0,0,0,0,0,71,1056
49,Non-temporal read,2,2de87540,689,1745,857,48,0,0,0,0,0,71,1056
50,Non-temporal read,2,10c4a580,721,1777,857,48,0,0,0,0,0,71,1056
51,Non-temporal read,2,2a2b540,753,1809,857,48,0,0,0,0,0,71,1056
52,Non-temporal read,2,3a40d480,785,1841,857,48,0,0,0,0,0,71,1056
53,Non-temporal read,2,ec32dc0,817,1873,857,48,0,0,0,0,0,71,1056
54,Non-temporal read,2,37fee2c0,849,1905,857,48,0,0,0,0,0,71,1056
55,Non-temporal read,2,19aa0780,881,1937,857,48,0,0,0,0,0,71,1056
56,Non-temporal read,2,4deb140,913,1969,857,48,0,0,0,0,0,71,1056
57,Non-temporal read,2,118a2d80,945,2001,879,48,0,0,0,0,0,49,1056
58,Non-temporal read,2,3662e740,977,2033,857,48,0,0,0,0,0,71,1056
59,Non-temporal read,2,2b234c00,1009,2065,879,48,0,0,0,0,0,49,1056
60,Non-temporal read,2,3645080,1041,2097,857,48,0,0,0,0,0,71,1056
61,Non-temporal read,2,30b51d00,1073,2129,857,48,0,0,0,0,0,71,1056
62,Non-temporal read,2,ab96000,1105,2161,879,48,0,0,0,0,0,49,1056
63,Non-temporal read,2,c0da880,1137,2193,857,48,0,0,0,0,0,71,1056
64,Non-temporal read,2,121ab540,1169,2225,857,48,0,0,0,0,0,71,1056
65,Non-temporal read,2,21c0fec0,1201,2257,857,48,0,0,0,0,0,71,1056
66,Non-temporal read,2,29aa00,1233,2289,857,48,0,0,0,0,0,71,1056
67,Non-temporal read,2,9dfe740,1265,2321,857,48,0,0,0,0,0,71,1056
68,Non-temporal read,2,e005e40,1297,2353,857,48,0,0,0,0,0,71,1056
69,Non-temporal read,2,3f0f4b80,1329,2385,857,48,0,0,0,0,0,71,1056
70,Non-temporal read,2,156b8840,1361,2417,857,48,0,0,0,0,0,71,1056
71,Non-temporal read,2,1388f2c0,1393,2449,857,48,0,0,0,0,0,71,1056
72,Non-temporal read,2,30a17000,1425,2481,857,48,0,0,0,0,0,71,1056
73,Non-temporal read,2,3adc7100,1457,2513,857,48,0,0,0,0,0,71,1056
74,Non-temporal read,2,11a51700,1489,2545,857,48,0,0,0,0,0,71,1056
75,Non-temporal read,2,16e26680,1521,2577,879,48,0,0,0,0,0,49,1056
76,Non-temporal read,2,14482940,1553,2609,857,48,0,0,0,0,0,71,1056
78,Non-temporal read,2,2f824c00,1617,2641,825,48,0,0,0,0,0,71,1024
77,Non-temporal read,2,3fe02800,1585,2673,847,48,0,0,0,0,0,113,1088
79,Non-temporal read,2,1728e140,1649,2705,856,48,0,0,0,0,0,72,1056
80,Non-temporal read,2,54a4340,1681,2737,847,48,0,0,0,0,0,81,1056
81,Non-temporal read,2,268d440,1713,2769,856,48,0,0,0,0,0,72,1056
82,Non-temporal read,2,c4b5c80,1745,2801,857,48,0,0,0,0,0,71,1056
83,Non-temporal read,2,22af2100,1777,2833,857,48,0,0,0,0,0,71,1056
84,Non-temporal read,2,743840,1809,2865,857,48,0,0,0,0,0,71,1056
85,Non-temporal read,2,23a07080,1841,2897,857,48,0,0,0,0,0,71,1056
86,Non-temporal read,2,1042c0,1873,2929,857,48,0,0,0,0,0,71,1056
87,Non-temporal read,2,259a72c0,1905,2961,857,48,0,0,0,0,0,71,1056
88,Non-temporal read,2,18f09dc0,1937,2993,857,48,0,0,0,0,0,71,1056
89,Non-temporal read,2,1cda29c0,1969,3025,857,48,0,0,0,0,0,71,1056
90,Non-temporal read,2,de72300,2001,3057,857,48,0,0,0,0,0,71,1056
91,Non-temporal read,2,343e8bc0,2033,3089,879,48,0,0,0,0,0,49,1056
92,Non-temporal read,2,2cce7340,2065,3121,857,48,0,0,0,0,0,71,1056
93,Non-temporal read,2,56131c0,2097,3153,857,48,0,0,0,0,0,71,1056
94,Non-temporal read,2,3d7607c0,2129,3185,857,48,0,0,0,0,0,71,1056
95,Non-temporal read,2,ee4eb80,2161,3217,857,48,0,0,0,0,0,71,1056
96,Non-temporal read,2,ae6afc0,2193,3249,857,48,0,0,0,0,0,71,1056
97,Non-temporal read,2,9e8e1c0,2225,3281,846,48,0,0,0,0,0,82,1056
98,Non-temporal read,2,f7fa440,2257,3313,857,48,0,0,0,0,0,71,1056
99,Non-temporal read,2,2fc42500,2289,3345,857,48,0,0,0,0,0,71,1056
100,Non-temporal read,2,5164000,2321,3377,857,48,0,0,0,0,0,71,1056
101,Non-temporal read,2,2acac600,2353,3409,879,48,0,0,0,0,0,49,1056
102,Non-temporal read,2,31156900,2385,3441,857,48,0,0,0,0,0,71,1056
103,Non-temporal read,2,25e36580,2417,3473,857,48,0,0,0,0,0,71,1056
104,Non-temporal read,2,1f0d4dc0,2449,3505,857,48,0,0,0,0,0,71,1056
105,Non-temporal read,2,266bcb00,2481,3537,857,48,0,0,0,0,0,71,1056
106,Non-temporal read,2,bd0d3c0,2513,3569,857,48,0,0,0,0,0,71,1056
107,Non-temporal read,2,353a3f40,2545,3601,857,48,0,0,0,0,0,71,1056
108,Non-temporal read,2,1555e5c0,2577,3633,857,48,0,0,0,0,0,71,1056
109,Non-temporal read,2,24e2fe80,2609,3665,857,48,0,0,0,0,0,71,1056
110,Non-temporal read,2,1341e040,2641,3697,846,48,0,0,0,0,0,82,1056
111,Non-temporal read,2,27e8b780,2673,3729,857,48,0,0,0,0,0,71,1056
112,Non-temporal read,2,38b11b00,2705,3761,857,48,0,0,0,0,0,71,1056
113,Non-temporal read,2,554dac0,2737,3793,857,48,0,0,0,0,0,71,1056
114,Non-temporal read,2,26529c00,2769,3825,857,48,0,0,0,0,0,71,1056
115,Non-temporal read,2,10f0c600,2801,3857,847,48,0,0,0,0,0,81,1056
117,Non-temporal read,2,2af25300,2865,3889,825,48,0,0,0,0,0,71,1024
116,Non-temporal read,2,209cd680,2833,3921,837,48,0,0,0,0,0,123,1088
118,Non-temporal read,2,1469880,2897,3953,857,48,0,0,0,0,0,71,1056
119,Non-temporal read,2,3ae14800,2929,3985,856,48,0,0,0,0,0,72,1056
120,Non-temporal read,2,3c057d40,2961,4017,857,48,0,0,0,0,0,71,1056
121,Non-temporal read,2,3d3b65c0,2993,4049,857,48,0,0,0,0,0,71,1056
122,Non-temporal read,2,39ac8640,3025,4081,857,48,0,0,0,0,0,71,1056
123,Non-temporal read,2,3dd69540,3057,4113,857,48,0,0,0,0,0,71,1056
124,Non-temporal read,2,b99c340,3089,4145,879,48,0,0,0,0,0,49,1056
125,Non-temporal read,2,72fd100,3121,4177,857,48,0,0,0,0,0,71,1056
126,Non-temporal read,2,32917180,3153,4209,857,48,0,0,0,0,0,71,1056
127,Non-temporal read,2,3be3f600,3185,4241,857,48,0,0,0,0,0,71,1056
128,Non-temporal read,2,161c7480,3217,4273,857,48,0,0,0,0,0,71,1056
129,Non-temporal read,2,3825e740,3249,4305,857,48,0,0,0,0,0,71,1056
130,Non-temporal read,2,3bc7dc80,3281,4337,857,48,0,0,0,0,0,71,1056
131,Non-temporal read,2,2152bdc0,3313,4369,857,48,0,0,0,0,0,71,1056
132,Non-temporal read,2,135d1540,3345,4401,857,48,0,0,0,0,0,71,1056
133,Non-temporal read,2,399efc80,3377,4433,857,48,0,0,0,0,0,71,1056
134,Non-temporal read,2,1d84f080,3409,4465,857,48,0,0,0,0,0,71,1056
135,Non-temporal read,2,3817cc00,3441,4497,857,48,0,0,0,0,0,71,1056
136,Non-temporal read,2,12399200,3473,4529,857,48,0,0,0,0,0,71,1056
137,Non-temporal read,2,120fd380,3505,4561,847,48,0,0,0,0,0,81,1056
138,Non-temporal read,2,33810100,3537,4593,856,48,0,0,0,0,0,72,1056
139,Non-temporal read,2,12856840,3569,4625,857,48,0,0,0,0,0,71,1056
140,Non-temporal read,2,399c6300,3601,4657,857,48,0,0,0,0,0,71,1056
141,Non-temporal read,2,13b26b40,3633,4689,857,48,0,0,0,0,0,71,1056
142,Non-temporal read,2,8958400,3665,4721,857,48,0,0,0,0,0,71,1056
143,Non-temporal read,2,34191c40,3697,4753,857,48,0,0,0,0,0,71,1056
144,Non-temporal read,2,1c2ca540,3729,4785,857,48,0,0,0,0,0,71,1056
145,Non-temporal read,2,3f35fe00,3761,4817,857,48,0,0,0,0,0,71,1056
146,Non-temporal read,2,1605ddc0,3793,4849,857,48,0,0,0,0,0,71,1056
147,Non-temporal read,2,2a69eb40,3825,4881,847,48,0,0,0,0,0,81,1056
148,Non-temporal read,2,d1cc700,3857,4913,856,48,0,0,0,0,0,72,1056
149,Non-temporal read,2,10fcb980,3889,4945,857,48,0,0,0,0,0,71,1056
150,Non-temporal read,2,2efaa000,3921,4977,857,48,0,0,0,0,0,71,1056
151,Non-temporal read,2,110a9180,3953,5009,857,48,0,0,0,0,0,71,1056
152,Non-temporal read,2,160030c0,3985,5041,857,48,0,0,0,0,0,71,1056
153,Non-temporal read,2,2fd68e80,4017,5073,847,48,0,0,0,0,0,81,1056
155,Non-temporal read,2,26d9aa80,4081,5105,825,48,0,0,0,0,0,71,1024
154,Non-temporal read,2,28d68900,4049,5137,837,48,0,0,0,0,0,123,1088
156,Non-temporal read,2,369cdc00,4113,5169,857,48,0,0,0,0,0,71,1056
157,Non-temporal read,2,d7762c0,4145,5201,856,48,0,0,0,0,0,72,1056
158,Non-temporal read,2,8625900,4177,5233,857,48,0,0,0,0,0,71,1056
159,Non-temporal read,2,9c86440,4209,5265,857,48,0,0,0,0,0,71,1056
160,Non-temporal read,2,2b258dc0,4241,5297,857,48,0,0,0,0,0,71,1056
161,Non-temporal read,2,21013040,4273,5329,857,48,0,0,0,0,0,71,1056
162,Non-temporal read,2,594a700,4305,5361,857,48,0,0,0,0,0,71,1056
163,Non-temporal read,2,1a855200,4337,5393,857,48,0,0,0,0,0,71,1056
164,Non-temporal read,2,200096c0,4369,5425,857,48,0,0,0,0,0,71,1056
165,Non-temporal read,2,ed7b5c0,4401,5457,857,48,0,0,0,0,0,71,1056
166,Non-temporal read,2,e891140,4433,5489,857,48,0,0,0,0,0,71,1056
168,Non-temporal read,2,246780c0,4497,5521,825,48,0,0,0,0,0,71,1024
167,Non-temporal read,2,e0d1040,4465,5553,846,48,0,0,0,0,0,114,1088
169,Non-temporal read,2,3dcfecc0,4529,5585,857,48,0,0,0,0,0,71,1056
170,Non-temporal read,2,36bdb240,4561,5617,857,48,0,0,0,0,0,71,1056
171,Non-temporal read,2,20de7840,4593,5649,857,48,0,0,0,0,0,71,1056
172,Non-temporal read,2,2c308f80,4625,5681,857,48,0,0,0,0,0,71,1056
173,Non-temporal read,2,c63af40,4657,5713,857,48,0,0,0,0,0,71,1056
174,Non-temporal read,2,3d3632c0,4689,5745,857,48,0,0,0,0,0,71,1056
175,Non-temporal read,2,327f21c0,4721,5777,857,48,0,0,0,0,0,71,1056
176,Non-temporal read,2,9ea9780,4753,5809,857,48,0,0,0,0,0,71,1056
177,Non-temporal read,2,2cd48dc0,4785,5841,857,48,0,0,0,0,0,71,1056
178,Non-temporal read,2,e7b2e40,4817,5873,857,48,0,0,0,0,0,71,1056
179,Non-temporal read,2,359ffc00,4849,5905,857,48,0,0,0,0,0,71,1056
180,Non-temporal read,2,3d0b9840,4881,5937,857,48,0,0,0,0,0,71,1056
181,Non-temporal read,2,1ab02c80,4913,5969,857,48,0,0,0,0,0,71,1056
182,Non-temporal read,2,ad18900,4945,6001,857,48,0,0,0,0,0,71,1056
183,Non-temporal read,2,311adac0,4977,6033,857,48,0,0,0,0,0,71,1056
184,Non-temporal read,2,120a2bc0,5009,6065,857,48,0,0,0,0,0,71,1056
185,Non-temporal read,2,22ddcd80,5041,6097,857,48,0,0,0,0,0,71,1056
186,Non-temporal read,2,3e017c0,5073,6129,857,48,0,0,0,0,0,71,1056
187,Non-temporal read,2,15c27580,5105,6161,857,48,0,0,0,0,0,71,1056
188,Non-temporal read,2,2d915e40,5137,6193,857,48,0,0,0,0,0,71,1056
189,Non-temporal read,2,23764c00,5169,6225,857,48,0,0,0,0,0,71,1056
190,Non-temporal read,2,394e2400,5201,6257,857,48,0,0,0,0,0,71,1056
191,Non-temporal read,2,1fa13c80,5233,6289,857,48,0,0,0,0,0,71,1056
192,Non-temporal read,2,1a7d80c0,5265,6321,857,48,0,0,0,0,0,71,1056
193,Non-temporal read,2,eb5d940,5297,6353,857,48,0,0,0,0,0,71,1056
194,Non-temporal read,2,3da13e80,5329,6385,857,48,0,0,0,0,0,71,1056
195,Non-temporal read,2,1f282180,5361,6417,857,48,0,0,0,0,0,71,1056
196,Non-temporal read,2,2749540,5393,6449,857,48,0,0,0,0,0,71,1056
197,Non-temporal read,2,32a8b080,5425,6481,857,48,0,0,0,0,0,71,1056
198,Non-temporal read,2,14500700,5457,6513,857,48,0,0,0,0,0,71,1056
199,Non-temporal read,2,31bf5ac0,5489,6545,857,48,0,0,0,0,0,71,1056
200,Non-temporal read,2,25931e40,5521,6577,857,48,0,0,0,0,0,71,1056
201,Non-temporal read,2,3b7d9d00,5553,6609,857,48,0,0,0,0,0,71,1056
202,Non-temporal read,2,d7f5a40,5585,6641,857,48,0,0,0,0,0,71,1056
204,Non-temporal read,2,3f16bfc0,5649,6673,825,48,0,0,0,0,0,71,1024
203,Non-temporal read,2,20db59c0,5617,6705,847,48,0,0,0,0,0,113,1088
205,Non-temporal read,2,6368240,5681,6737,856,48,0,0,0,0,0,72,1056
206,Non-temporal read,2,2cfbd000,5713,6769,857,48,0,0,0,0,0,71,1056
207,Non-temporal read,2,3e0c3380,5745,6801,857,48,0,0,0,0,0,71,1056
208,Non-temporal read,2,30a812c0,5777,6833,857,48,0,0,0,0,0,71,1056
209,Non-temporal read,2,1643b340,5809,6865,857,48,0,0,0,0,0,71,1056
210,Non-temporal read,2,e8f2600,5841,6897,857,48,0,0,0,0,0,71,1056
211,Non-temporal read,2,364d0f40,5873,6929,857,48,0,0,0,0,0,71,1056
212,Non-temporal read,2,1f09e040,5905,6961,857,48,0,0,0,0,0,71,1056
213,Non-temporal read,2,14913280,5937,6993,857,48,0,0,0,0,0,71,1056
214,Non-temporal read,2,3926c580,5969,7025,857,48,0,0,0,0,0,71,1056
215,Non-temporal read,2,855bb40,6001,7057,857,48,0,0,0,0,0,71,1056
216,Non-temporal read,2,30bb4200,6033,7089,857,48,0,0,0,0,0,71,1056
217,Non-temporal read,2,265442c0,6065,7121,857,48,0,0,0,0,0,71,1056
218,Non-temporal read,2,19061ac0,6097,7153,857,48,0,0,0,0,0,71,1056
219,Non-temporal read,2,3c4f9e80,6129,7185,852,48,0,0,0,0,0,76,1056
221,Non-temporal read,2,2d0f5300,6193,7217,825,48,0,0,0,0,0,71,1024
229,Non-temporal read,2,22d30240,6449,7249,601,48,0,0,0,0,0,71,800
230,Non-temporal read,2,127780c0,6481,7281,601,48,0,0,0,0,0,71,800
232,Non-temporal read,2,2296d800,6545,7313,569,48,0,0,0,0,0,71,768
235,Non-temporal read,2,2a6c480,6641,7345,505,48,0,0,0,0,0,71,704
236,Non-temporal read,2,837bc40,6673,7377,505,48,0,0,0,0,0,71,704
225,Non-temporal read,2,27041800,6321,7409,473,48,0,0,0,0,0,487,1088
222,Non-temporal read,2,14ac2b40,6225,7441,501,48,0,0,0,0,0,587,1216
224,Non-temporal read,2,3e38dc00,6289,7473,529,48,0,0,0,0,0,527,1184
223,Non-temporal read,2,1f987040,6257,7505,557,48,0,0,0,0,0,563,1248
238,Non-temporal read,2,173e10c0,6737,7537,584,48,0,0,0,0,0,88,800
233,Non-temporal read,2,31b8fc40,6577,7569,598,48,0,0,0,0,0,266,992
220,Non-temporal read,2,19b93bc0,6161,7601,625,48,0,0,0,0,0,687,1440
227,Non-temporal read,2,1ac56bc0,6385,7633,653,48,0,0,0,0,0,467,1248
228,Non-temporal read,2,831b580,6417,7665,681,48,0,0,0,0,0,439,1248
226,Non-temporal read,2,58c0500,6353,7697,686,48,0,0,0,0,0,530,1344
234,Non-temporal read,2,10502c80,6609,7729,714,48,0,0,0,0,0,278,1120
231,Non-temporal read,2,30c7dc0,6513,7761,739,48,0,0,0,0,0,381,1248
241,Non-temporal read,2,2d14ea00,6833,7793,748,48,0,0,0,0,0,84,960
239,Non-temporal read,2,36dd7740,6769,7825,771,48,0,0,0,0,0,157,1056
240,Non-temporal read,2,11a1ac40,6801,7857,799,48,0,0,0,0,0,129,1056
242,Non-temporal read,2,2816eb80,6865,7889,825,48,0,0,0,0,0,71,1024
243,Non-temporal read,2,2181c00,6897,7921,825,48,0,0,0,0,0,71,1024
237,Non-temporal read,2,14b07740,6705,7953,853,48,0,0,0,0,0,267,1248
244,Non-temporal read,2,25353180,6929,7985,857,48,0,0,0,0,0,71,1056
245,Non-temporal read,2,239fc7c0,6961,8017,857,48,0,0,0,0,0,71,1056
246,Non-temporal read,2,2e254cc0,6993,8049,879,48,0,0,0,0,0,49,1056
247,Non-temporal read,2,cf51d80,7025,8081,879,48,0,0,0,0,0,49,1056
248,Non-temporal read,2,1a205a80,7057,8113,879,48,0,0,0,0,0,49,1056
249,Non-temporal read,2,2f42f540,7089,8145,857,48,0,0,0,0,0,71,1056
250,Non-temporal read,2,269f1940,7121,8177,857,48,0,0,0,0,0,71,1056
251,Non-temporal read,2,4287200,7153,8209,857,48,0,0,0,0,0,71,1056
252,Non-temporal read,2,22be1b00,7185,8241,857,48,0,0,0,0,0,71,1056
253,Non-temporal read,2,2e603a00,7217,8273,857,48,0,0,0,0,0,71,1056
254,Non-temporal read,2,138fbe00,7249,8305,857,48,0,0,0,0,0,71,1056
256,Non-temporal read,2,950ff40,7313,8337,825,48,0,0,0,0,0,71,1024
255,Non-temporal read,2,305fa040,7281,8369,847,48,0,0,0,0,0,113,1088
257,Non-temporal read,2,1b6b4440,7345,8401,856,48,0,0,0,0,0,72,1056
258,Non-temporal read,2,1206cc80,7377,8433,857,48,0,0,0,0,0,71,1056
259,Non-temporal read,2,8671f40,7409,8465,857,48,0,0,0,0,0,71,1056
260,Non-temporal read,2,87d19c0,7441,8497,857,48,0,0,0,0,0,71,1056
261,Non-temporal read,2,14a73500,7473,8529,857,48,0,0,0,0,0,71,1056
262,Non-temporal read,2,b95ea40,7505,8561,879,48,0,0,0,0,0,49,1056
263,Non-temporal read,2,2f55cb40,7537,8593,879,48,0,0,0,0,0,49,1056
264,Non-temporal read,2,b49dec0,7569,8625,837,48,0,0,0,0,0,91,1056
265,Non-temporal read,2,318dba40,7601,8657,857,48,0,0,0,0,0,71,1056
266,Non-temporal read,2,11a74840,7633,8689,856,48,0,0,0,0,0,72,1056
267,Non-temporal read,2,1272b440,7665,8721,857,48,0,0,0,0,0,71,1056
268,Non-temporal read,2,17bb2c00,7697,8753,857,48,0,0,0,0,0,71,1056
269,Non-temporal read,2,35be9440,7729,8785,857,48,0,0,0,0,0,71,1056
270,Non-temporal read,2,25213800,7761,8817,857,48,0,0,0,0,0,71,1056
271,Non-temporal read,2,24f1f800,7793,8849,857,48,0,0,0,0,0,71,1056
272,Non-temporal read,2,2a32d880,7825,8881,857,48,0,0,0,0,0,71,1056
273,Non-temporal read,2,6641b00,7857,8913,857,48,0,0,0,0,0,71,1056
274,Non-temporal read,2,2d85c280,7889,8945,857,48,0,0,0,0,0,71,1056
275,Non-temporal read,2,1df8b700,7921,8977,879,48,0,0,0,0,0,49,1056
276,Non-temporal read,2,ec74900,7953,9009,857,48,0,0,0,0,0,71,1056
277,Non-temporal read,2,3b9ab200,7985,9041,857,48,0,0,0,0,0,71,1056
278,Non-temporal read,2,34e4c440,8017,9073,857,48,0,0,0,0,0,71,1056
279,Non-temporal read,2,27c1be80,8049,9105,857,48,0,0,0,0,0,71,1056
280,Non-temporal read,2,14027400,8081,9137,857,48,0,0,0,0,0,71,1056
281,Non-temporal read,2,1f8b6300,8113,9169,857,48,0,0,0,0,0,71,1056
282,Non-temporal read,2,3e02c480,8145,9201,857,48,0,0,0,0,0,71,1056
283,Non-temporal read,2,25772900,8177,9233,857,48,0,0,0,0,0,71,1056
284,Non-temporal read,2,27327200,8209,9265,857,48,0,0,0,0,0,71,1056
285,Non-temporal read,2,3e045140,8241,9297,857,48,0,0,0,0,0,71,1056
286,Non-temporal read,2,2a5d3e40,8273,9329,857,48,0,0,0,0,0,71,1056
287,Non-temporal read,2,2559ffc0,8305,9361,857,48,0,0,0,0,0,71,1056
288,Non-temporal read,2,49c33c0,8337,9393,857,48,0,0,0,0,0,71,1056
289,Non-temporal read,2,255b880,8369,9425,857,48,0,0,0,0,0,71,1056
290,Non-temporal read,2,25eaee00,8401,9457,857,48,0,0,0,0,0,71,1056
291,Non-temporal read,2,19172f80,8433,9489,857,48,0,0,0,0,0,71,1056
292,Non-temporal read,2,22648080,8465,9521,879,48,0,0,0,0,0,49,1056
293,Non-temporal read,2,239cc240,8497,9553,857,48,0,0,0,0,0,71,1056
294,Non-temporal read,2,1d199c0,8529,9585,879,48,0,0,0,0,0,49,1056
295,Non-temporal read,2,1a3c7a40,8561,9617,857,48,0,0,0,0,0,71,1056
296,Non-temporal read,2,3fd85e40,8593,9649,857,48,0,0,0,0,0,71,1056
297,Non-temporal read,2,273ce3c0,8625,9681,857,48,0,0,0,0,0,71,1056
298,Non-temporal read,2,352eef80,8657,9713,857,48,0,0,0,0,0,71,1056
299,Non-temporal read,2,2610b6c0,8689,9745,857,48,0,0,0,0,0,71,1056
300,Non-temporal read,2,375c0100,8721,9777,857,48,0,0,0,0,0,71,1056
301,Non-temporal read,2,3bd047c0,8753,9809,857,48,0,0,0,0,0,71,1056
302,Non-temporal read,2,276e7c00,8785,9841,857,48,0,0,0,0,0,71,1056
303,Non-temporal read,2,27f5a1c0,8817,9873,857,48,0,0,0,0,0,71,1056
304,Non-temporal read,2,2e38da40,8849,9905,857,48,0,0,0,0,0,71,1056
305,Non-temporal read,2,13822980,8881,9937,857,48,0,0,0,0,0,71,1056
306,Non-temporal read,2,1f1fe580,8913,9969,857,48,0,0,0,0,0,71,1056
307,Non-temporal read,2,19dcbfc0,8945,10001,857,48,0,0,0,0,0,71,1056
308,Non-temporal read,2,fd10140,8977,10033,857,48,0,0,0,0,0,71,1056
309,Non-temporal read,2,14e2aa00,9009,10065,857,48,0,0,0,0,0,71,1056
310,Non-temporal read,2,54222c0,9041,10097,857,48,0,0,0,0,0,71,1056
311,Non-temporal read,2,35490540,9073,10129,857,48,0,0,0,0,0,71,1056
312,Non-temporal read,2,3e705280,9105,10161,857,48,0,0,0,0,0,71,1056
313,Non-temporal read,2,1a7640c0,9137,10193,857,48,0,0,0,0,0,71,1056
314,Non-temporal read,2,10e4fd80,9169,10225,857,48,0,0,0,0,0,71,1056
315,Non-temporal read,2,253f7a40,9201,10257,857,48,0,0,0,0,0,71,1056
316,Non-temporal read,2,7171480,9233,10289,857,48,0,0,0,0,0,71,1056
317,Non-temporal read,2,3ee6eb40,9265,10321,857,48,0,0,0,0,0,71,1056
318,Non-temporal read,2,35d87500,9297,10353,857,48,0,0,0,0,0,71,1056
319,Non-temporal read,2,3ce9db80,9329,10385,857,48,0,0,0,0,0,71,1056
320,Non-temporal read,2,d51b200,9361,10417,857,48,0,0,0,0,0,71,1056
321,Non-temporal read,2,e96000,9393,10449,857,48,0,0,0,0,0,71,1056
322,Non-temporal read,2,1b2c62c0,9425,10481,857,48,0,0,0,0,0,71,1056
323,Non-temporal read,2,6d0340,9457,10513,857,48,0,0,0,0,0,71,1056
324,Non-temporal read,2,3bcfa8c0,9489,10545,857,48,0,0,0,0,0,71,1056
325,Non-temporal read,2,c317f40,9521,10577,857,48,0,0,0,0,0,71,1056
326,Non-temporal read,2,145adc40,9553,10609,857,48,0,0,0,0,0,71,1056
327,Non-temporal read,2,f3cbb40,9585,10641,857,48,0,0,0,0,0,71,1056
328,Non-temporal read,2,3f9d6880,9617,10673,857,48,0,0,0,0,0,71,1056
329,Non-temporal read,2,f321f80,9649,10705,857,48,0,0,0,0,0,71,1056
330,Non-temporal read,2,4d42ac0,9681,10737,857,48,0,0,0,0,0,71,1056
331,Non-temporal read,2,77886c0,9713,10769,857,48,0,0,0,0,0,71,1056
332,Non-temporal read,2,ad30bc0,9745,10801,857,48,0,0,0,0,0,71,1056
333,Non-temporal read,2,35a79540,9777,10833,857,48,0,0,0,0,0,71,1056
334,Non-temporal read,2,8eefdc0,9809,10865,857,48,0,0,0,0,0,71,1056
335,Non-temporal read,2,1d1b8c80,9841,10897,846,48,0,0,0,0,0,82,1056
336,Non-temporal read,2,3ed81280,9873,10929,857,48,0,0,0,0,0,71,1056
337,Non-temporal read,2,27d37580,9905,10961,857,48,0,0,0,0,0,71,1056
338,Non-temporal read,2,1e24a500,9937,10993,857,48,0,0,0,0,0,71,1056
339,Non-temporal read,2,3aedc00,9969,11025,857,48,0,0,0,0,0,71,1056
340,Non-temporal read,2,39974000,10001,11057,857,48,0,0,0,0,0,71,1056
341,Non-temporal read,2,8a8bd40,10033,11089,857,48,0,0,0,0,0,71,1056
342,Non-temporal read,2,167d84c0,10065,11121,857,48,0,0,0,0,0,71,1056
343,Non-temporal read,2,312df540,10097,11153,857,48,0,0,0,0,0,71,1056
344,Non-temporal read,2,a6e7e00,10129,11185,857,48,0,0,0,0,0,71,1056
345,Non-temporal read,2,21b87dc0,10161,11217,857,48,0,0,0,0,0,71,1056
346,Non-temporal read,2,1c21eac0,10193,11249,857,48,0,0,0,0,0,71,1056
347,Non-temporal read,2,30da8080,10225,11281,857,48,0,0,0,0,0,71,1056
348,Non-temporal read,2,1d291c80,10257,11313,857,48,0,0,0,0,0,71,1056
349,Non-temporal read,2,7c95c0,10289,11345,857,48,0,0,0,0,0,71,1056
350,Non-temporal read,2,12e27a80,10321,11377,857,48,0,0,0,0,0,71,1056
351,Non-temporal read,2,bd58dc0,10353,11409,857,48,0,0,0,0,0,71,1056
352,Non-temporal read,2,3105500,10385,11441,857,48,0,0,0,0,0,71,1056
353,Non-temporal read,2,314e7980,10417,11473,857,48,0,0,0,0,0,71,1056
354,Non-temporal read,2,c5e0cc0,10449,11505,857,48,0,0,0,0,0,71,1056
355,Non-temporal read,2,66dbb00,10481,11537,857,48,0,0,0,0,0,71,1056
356,Non-temporal read,2,181b6c40,10513,11569,857,48,0,0,0,0,0,71,1056
357,Non-temporal read,2,3ba47e00,10545,11601,857,48,0,0,0,0,0,71,1056
358,Non-temporal read,2,26fd1f80,10577,11633,857,48,0,0,0,0,0,71,1056
359,Non-temporal read,2,22fd7bc0,10609,11665,857,48,0,0,0,0,0,71,1056
360,Non-temporal read,2,29beb580,10641,11697,857,48,0,0,0,0,0,71,1056
361,Non-temporal read,2,a32f840,10673,11729,857,48,0,0,0,0,0,71,1056
362,Non-temporal read,2,3f2e8a80,10705,11761,857,48,0,0,0,0,0,71,1056
363,Non-temporal read,2,988bc40,10737,11793,857,48,0,0,0,0,0,71,1056
364,Non-temporal read,2,3b6f7f80,10769,11825,857,48,0,0,0,0,0,71,1056
365,Non-temporal read,2,34c03ac0,10801,11857,857,48,0,0,0,0,0,71,1056
366,Non-temporal read,2,14e4bac0,10833,11889,857,48,0,0,0,0,0,71,1056
367,Non-temporal read,2,3639bc0,10865,11921,857,48,0,0,0,0,0,71,1056
368,Non-temporal read,2,1da0bbc0,10897,11953,847,48,0,0,0,0,0,81,1056
369,Non-temporal read,2,1aea8600,10929,11985,856,48,0,0,0,0,0,72,1056
370,Non-temporal read,2,3a42c7c0,10961,12017,857,48,0,0,0,0,0,71,1056
371,Non-temporal read,2,1768f480,10993,12049,857,48,0,0,0,0,0,71,1056
372,Non-temporal read,2,1d048c00,11025,12081,857,48,0,0,0,0,0,71,1056
373,Non-temporal read,2,3e7192c0,11057,12113,857,48,0,0,0,0,0,71,1056
374,Non-temporal read,2,1c96c300,11089,12145,857,48,0,0,0,0,0,71,1056
375,Non-temporal read,2,1f270bc0,11121,12177,857,48,0,0,0,0,0,71,1056
376,Non-temporal read,2,1caff940,11153,12209,857,48,0,0,0,0,0,71,1056
377,Non-temporal read,2,34284e40,11185,12241,857,48,0,0,0,0,0,71,1056
378,Non-temporal read,2,152a8700,11217,12273,857,48,0,0,0,0,0,71,1056
379,Non-temporal read,2,27482200,11249,12305,857,48,0,0,0,0,0,71,1056
380,Non-temporal read,2,d6e9d00,11281,12337,847,48,0,0,0,0,0,81,1056
381,Non-temporal read,2,19c64f00,11313,12369,856,48,0,0,0,0,0,72,1056
382,Non-temporal read,2,12236300,11345,12401,857,48,0,0,0,0,0,71,1056
383,Non-temporal read,2,1408c900,11377,12433,857,48,0,0,0,0,0,71,1056
384,Non-temporal read,2,1b9d6480,11409,12465,857,48,0,0,0,0,0,71,1056
385,Non-temporal read,2,2a8116c0,11441,12497,857,48,0,0,0,0,0,71,1056
386,Non-temporal read,2,3b4ac380,11473,12529,857,48,0,0,0,0,0,71,1056
387,Non-temporal read,2,1ddb0b80,11505,12561,857,48,0,0,0,0,0,71,1056
388,Non-temporal read,2,17b49e80,11537,12593,857,48,0,0,0,0,0,71,1056
389,Non-temporal read,2,ed9f7c0,11569,12625,857,48,0,0,0,0,0,71,1056
390,Non-temporal read,2,d27c380,11601,12657,857,48,0,0,0,0,0,71,1056
391,Non-temporal read,2,15bc7300,11633,12689,857,48,0,0,0,0,0,71,1056
392,Non-temporal read,2,3df272c0,11665,12721,857,48,0,0,0,0,0,71,1056
393,Non-temporal read,2,1b6d2240,11697,12753,857,48,0,0,0,0,0,71,1056
394,Non-temporal read,2,11b13c0,11729,12785,857,48,0,0,0,0,0,71,1056
395,Non-temporal read,2,2616d300,11761,12817,857,48,0,0,0,0,0,71,1056
396,Non-temporal read,2,7dbcc0,11793,12849,857,48,0,0,0,0,0,71,1056
397,Non-temporal read,2,1e338f40,11825,12881,857,48,0,0,0,0,0,71,1056
398,Non-temporal read,2,d223840,11857,12913,857,48,0,0,0,0,0,71,1056
399,Non-temporal read,2,114dcf80,11889,12945,857,48,0,0,0,0,0,71,1056
400,Non-temporal read,2,3edf4540,11921,12977,857,48,0,0,0,0,0,71,1056
401,Non-temporal read,2,1272b000,11953,13009,857,48,0,0,0,0,0,71,1056
402,Non-temporal read,2,3037efc0,11985,13041,857,48,0,0,0,0,0,71,1056
403,Non-temporal read,2,309d8980,12017,13073,857,48,0,0,0,0,0,71,1056
404,Non-temporal read,2,118084c0,12049,13105,857,48,0,0,0,0,0,71,1056
405,Non-temporal read,2,5bea080,12081,13137,857,48,0,0,0,0,0,71,1056
407,Non-temporal read,2,3e6f480,12145,13169,825,48,0,0,0,0,0,71,1024
406,Non-temporal read,2,2f82b1c0,12113,13201,846,48,0,0,0,0,0,114,1088
408,Non-temporal read,2,39193d80,12177,13233,857,48,0,0,0,0,0,71,1056
409,Non-temporal read,2,34446080,12209,13265,857,48,0,0,0,0,0,71,1056
410,Non-temporal read,2,7aa11c0,12241,13297,857,48,0,0,0,0,0,71,1056
411,Non-temporal read,2,78532c0,12273,13329,857,48,0,0,0,0,0,71,1056
412,Non-temporal read,2,39e18b80,12305,13361,857,48,0,0,0,0,0,71,1056
413,Non-temporal read,2,e4c9140,12337,13393,857,48,0,0,0,0,0,71,1056
416,Non-temporal read,2,32fd1f80,12433,13425,793,48,0,0,0,0,0,71,992
417,Non-temporal read,2,3eedaf40,12465,13457,792,48,0,0,0,0,0,72,992
418,Non-temporal read,2,a340580,12497,13489,793,48,0,0,0,0,0,71,992
420,Non-temporal read,2,177581c0,12561,13521,761,48,0,0,0,0,0,71,960
421,Non-temporal read,2,2d48b00,12593,13553,761,48,0,0,0,0,0,71,960
423,Non-temporal read,2,3bf8dc00,12657,13585,729,48,0,0,0,0,0,71,928
427,Non-temporal read,2,221d2840,12785,13617,633,48,0,0,0,0,0,71,832
429,Non-temporal read,2,1fe9b840,12849,13649,601,48,0,0,0,0,0,71,800
431,Non-temporal read,2,2f200300,12913,13681,569,48,0,0,0,0,0,71,768
433,Non-temporal read,2,ae913c0,12977,13713,537,48,0,0,0,0,0,71,736
419,Non-temporal read,2,dc68ac0,12529,13745,543,48,0,0,0,0,0,545,1216
430,Non-temporal read,2,270aa500,12881,13777,571,48,0,0,0,0,0,197,896
424,Non-temporal read,2,315f12c0,12689,13809,599,48,0,0,0,0,0,393,1120
422,Non-temporal read,2,1d17bb00,12625,13841,627,48,0,0,0,0,0,461,1216
434,Non-temporal read,2,1598e240,13009,13873,653,48,0,0,0,0,0,83,864
415,Non-temporal read,2,27f6c980,12401,13905,668,48,0,0,0,0,0,708,1504
432,Non-temporal read,2,117fd80,12945,13937,696,48,0,0,0,0,0,168,992
414,Non-temporal read,2,3c734540,12369,13969,724,48,0,0,0,0,0,748,1600
435,Non-temporal read,2,1cfdea80,13041,14001,750,48,0,0,0,0,0,82,960
426,Non-temporal read,2,133fdd00,12753,14033,777,48,0,0,0,0,0,375,1280
436,Non-temporal read,2,2e05d780,13073,14065,793,48,0,0,0,0,0,71,992
425,Non-temporal read,2,13afa640,12721,14097,809,48,0,0,0,0,0,439,1376
437,Non-temporal read,2,22040400,13105,14129,825,48,0,0,0,0,0,71,1024
438,Non-temporal read,2,28b54000,13137,14161,825,48,0,0,0,0,0,71,1024
439,Non-temporal read,2,2c0373c0,13169,14193,847,48,0,0,0,0,0,49,1024
428,Non-temporal read,2,2dd7be80,12817,14225,863,48,0,0,0,0,0,417,1408
440,Non-temporal read,2,2fca6c0,13201,14257,857,48,0,0,0,0,0,71,1056
441,Non-temporal read,2,1b216ec0,13233,14289,857,48,0,0,0,0,0,71,1056
442,Non-temporal read,2,1c71f0c0,13265,14321,857,48,0,0,0,0,0,71,1056
443,Non-temporal read,2,b88c5c0,13297,14353,857,48,0,0,0,0,0,71,1056
444,Non-temporal read,2,267b98c0,13329,14385,879,48,0,0,0,0,0,49,1056
445,Non-temporal read,2,6ef8f40,13361,14417,836,48,0,0,0,0,0,92,1056
446,Non-temporal read,2,2d1b64c0,13393,14449,857,48,0,0,0,0,0,71,1056
447,Non-temporal read,2,38bca500,13425,14481,857,48,0,0,0,0,0,71,1056
448,Non-temporal read,2,5c2c900,13457,14513,857,48,0,0,0,0,0,71,1056
449,Non-temporal read,2,f511a80,13489,14545,857,48,0,0,0,0,0,71,1056
450,Non-temporal read,2,3a3bbfc0,13521,14577,857,48,0,0,0,0,0,71,1056
451,Non-temporal read,2,2c003840,13553,14609,857,48,0,0,0,0,0,71,1056
452,Non-temporal read,2,3d5ed8c0,13585,14641,857,48,0,0,0,0,0,71,1056
453,Non-temporal read,2,30922a00,13617,14673,879,48,0,0,0,0,0,49,1056
454,Non-temporal read,2,22790840,13649,14705,857,48,0,0,0,0,0,71,1056
455,Non-temporal read,2,1cda3b40,13681,14737,857,48,0,0,0,0,0,71,1056
456,Non-temporal read,2,10414c00,13713,14769,857,48,0,0,0,0,0,71,1056
457,Non-temporal read,2,4937640,13745,14801,857,48,0,0,0,0,0,71,1056
458,Non-temporal read,2,332b46c0,13777,14833,857,48,0,0,0,0,0,71,1056
460,Non-temporal read,2,3deff600,13841,14865,825,48,0,0,0,0,0,71,1024
459,Non-temporal read,2,9935300,13809,14897,846,48,0,0,0,0,0,114,1088
461,Non-temporal read,2,3db462c0,13873,14929,857,48,0,0,0,0,0,71,1056
462,Non-temporal read,2,8991440,13905,14961,857,48,0,0,0,0,0,71,1056
463,Non-temporal read,2,4765300,13937,14993,879,48,0,0,0,0,0,49,1056
464,Non-temporal read,2,31398500,13969,15025,857,48,0,0,0,0,0,71,1056
465,Non-temporal read,2,30988840,14001,15057,857,48,0,0,0,0,0,71,1056
466,Non-temporal read,2,1282480,14033,15089,857,48,0,0,0,0,0,71,1056
467,Non-temporal read,2,b6e4440,14065,15121,857,48,0,0,0,0,0,71,1056
468,Non-temporal read,2,c47c980,14097,15153,857,48,0,0,0,0,0,71,1056
469,Non-temporal read,2,3c905f80,14129,15185,857,48,0,0,0,0,0,71,1056
470,Non-temporal read,2,2977b80,14161,15217,857,48,0,0,0,0,0,71,1056
471,Non-temporal read,2,3c603f00,14193,15249,857,48,0,0,0,0,0,71,1056
472,Non-temporal read,2,1bf637c0,14225,15281,857,48,0,0,0,0,0,71,1056
473,Non-temporal read,2,35cd5800,14257,15313,857,48,0,0,0,0,0,71,1056
474,Non-temporal read,2,18900b40,14289,15345,857,48,0,0,0,0,0,71,1056
475,Non-temporal read,2,21e7c3c0,14321,15377,857,48,0,0,0,0,0,71,1056
476,Non-temporal read,2,205b0640,14353,15409,857,48,0,0,0,0,0,71,1056
477,Non-temporal read,2,29986600,14385,15441,857,48,0,0,0,0,0,71,1056
478,Non-temporal read,2,39673380,14417,15473,879,48,0,0,0,0,0,49,1056
479,Non-temporal read,2,3a7bce00,14449,15505,857,48,0,0,0,0,0,71,1056
480,Non-temporal read,2,12eb8ec0,14481,15537,857,48,0,0,0,0,0,71,1056
481,Non-temporal read,2,167eda00,14513,15569,857,48,0,0,0,0,0,71,1056
482,Non-temporal read,2,293c8940,14545,15601,857,48,0,0,0,0,0,71,1056
483,Non-temporal read,2,9bd52c0,14577,15633,857,48,0,0,0,0,0,71,1056
484,Non-temporal read,2,10ff7d80,14609,15665,857,48,0,0,0,0,0,71,1056
485,Non-temporal read,2,24191dc0,14641,15697,857,48,0,0,0,0,0,71,1056
486,Non-temporal read,2,34004640,14673,15729,857,48,0,0,0,0,0,71,1056
487,Non-temporal read,2,2a5acc80,14705,15761,857,48,0,0,0,0,0,71,1056
488,Non-temporal read,2,58116c0,14737,15793,857,48,0,0,0,0,0,71,1056
489,Non-temporal read,2,350a5300,14769,15825,857,48,0,0,0,0,0,71,1056
490,Non-temporal read,2,18131500,14801,15857,857,48,0,0,0,0,0,71,1056
491,Non-temporal read,2,2d68bf80,14833,15889,857,48,0,0,0,0,0,71,1056
492,Non-temporal read,2,17564200,14865,15921,857,48,0,0,0,0,0,71,1056
493,Non-temporal read,2,2e59bd00,14897,15953,857,48,0,0,0,0,0,71,1056
494,Non-temporal read,2,5558d40,14929,15985,857,48,0,0,0,0,0,71,1056
495,Non-temporal read,2,d4f9140,14961,16017,857,48,0,0,0,0,0,71,1056
496,Non-temporal read,2,14144b00,14993,16049,857,48,0,0,0,0,0,71,1056
497,Non-temporal read,2,3055cb00,15025,16081,857,48,0,0,0,0,0,71,1056
498,Non-temporal read,2,3233cb00,15057,16113,857,48,0,0,0,0,0,71,1056
499,Non-temporal read,2,14bc5d00,15089,16145,857,48,0,0,0,0,0,71,1056
